Assets/BaseResource/ChapterHost/ch_kind_blade.png	Assets/BaseResource/InGameMainUI/rps_gem_blade.png
Assets/BaseResource/ChapterHost/ch_kind_force.png	Assets/BaseResource/InGameMainUI/rps_gem_force.png
Assets/BaseResource/ChapterHost/ch_kind_magic.png	Assets/BaseResource/InGameMainUI/rps_gem_magic.png
Assets/BaseResource/ChapterHost/ch_match_down.png	Assets/BaseResource/InGameMainUI/rps_down.png
Assets/BaseResource/ChapterHost/ch_match_up.png	Assets/BaseResource/InGameMainUI/rps_up.png
Assets/BaseResource/HostSelectPanel/arrowicon.png	Assets/BaseResource/HostSelectPanel/ghostarrowchevron.png
Assets/BaseResource/HostSelectPanel/headerportaldeco.png	Assets/BaseResource/InGameMainUI/exitportal.png
Assets/BaseResource/HostSelectPanel/hostportraitimage_amazon.png	Assets/BaseResource/HostSelectPanel/hostslotportrait_amazon.png
Assets/BaseResource/HostSelectPanel/hostportraitimage_amazon_elite.png	Assets/BaseResource/HostSelectPanel/hostslotportrait_amazon_elite.png
Assets/BaseResource/HostSelectPanel/hostportraitimage_baseball.png	Assets/BaseResource/HostSelectPanel/hostslotportrait_baseball.png
Assets/BaseResource/HostSelectPanel/hostportraitimage_commando_grenade.png	Assets/BaseResource/HostSelectPanel/hostslotportrait_commando_grenade.png
Assets/BaseResource/HostSelectPanel/hostportraitimage_commando_laser.png	Assets/BaseResource/HostSelectPanel/hostslotportrait_commando_laser.png
Assets/BaseResource/HostSelectPanel/hostportraitimage_commando_mg.png	Assets/BaseResource/HostSelectPanel/hostslotportrait_commando_mg.png
Assets/BaseResource/HostSelectPanel/hostportraitimage_commando_missile.png	Assets/BaseResource/HostSelectPanel/hostslotportrait_commando_missile.png
Assets/BaseResource/HostSelectPanel/hostportraitimage_death.png	Assets/BaseResource/HostSelectPanel/hostslotportrait_death.png
Assets/BaseResource/HostSelectPanel/hostportraitimage_dragon_blue.png	Assets/BaseResource/HostSelectPanel/hostslotportrait_dragon_blue.png
Assets/BaseResource/HostSelectPanel/hostportraitimage_dragoon.png	Assets/BaseResource/HostSelectPanel/hostslotportrait_dragoon.png
Assets/BaseResource/HostSelectPanel/hostportraitimage_gangster.png	Assets/BaseResource/HostSelectPanel/hostslotportrait_gangster.png
Assets/BaseResource/HostSelectPanel/hostportraitimage_ghost.png	Assets/BaseResource/HostSelectPanel/hostslotportrait_ghost.png
Assets/BaseResource/HostSelectPanel/hostportraitimage_guru.png	Assets/BaseResource/HostSelectPanel/hostslotportrait_guru.png
Assets/BaseResource/HostSelectPanel/hostportraitimage_hopper.png	Assets/BaseResource/HostSelectPanel/hostslotportrait_hopper.png
Assets/BaseResource/HostSelectPanel/hostportraitimage_hopper_smg.png	Assets/BaseResource/HostSelectPanel/hostslotportrait_hopper_smg.png
Assets/BaseResource/HostSelectPanel/hostportraitimage_medium.png	Assets/BaseResource/HostSelectPanel/hostslotportrait_medium.png
Assets/BaseResource/HostSelectPanel/hostportraitimage_ninja.png	Assets/BaseResource/HostSelectPanel/hostslotportrait_ninja.png
Assets/BaseResource/HostSelectPanel/hostportraitimage_ninja_chain.png	Assets/BaseResource/HostSelectPanel/hostslotportrait_ninja_chain.png
Assets/BaseResource/HostSelectPanel/hostportraitimage_robot.png	Assets/BaseResource/HostSelectPanel/hostslotportrait_robot.png
Assets/BaseResource/HostSelectPanel/hostportraitimage_salamander.png	Assets/BaseResource/HostSelectPanel/hostslotportrait_salamander.png
Assets/BaseResource/HostSelectPanel/hostportraitimage_snowwoman.png	Assets/BaseResource/HostSelectPanel/hostslotportrait_snowwoman.png
Assets/BaseResource/HostSelectPanel/hostportraitimage_thug.png	Assets/BaseResource/HostSelectPanel/hostslotportrait_thug.png
Assets/BaseResource/HostSelectPanel/hostportraitimage_vampire.png	Assets/BaseResource/HostSelectPanel/hostslotportrait_vampire.png
Assets/BaseResource/HostSelectPanel/hostportraitimage_white_wizard.png	Assets/BaseResource/HostSelectPanel/hostslotportrait_white_wizard.png
Assets/BaseResource/HostSelectPanel/ultimateicon_baseball.png	Assets/BaseResource/InGameMainUI/ultimateicon_slugger.png
Assets/BaseResource/HostSelectPanel/ultimateicon_gangster.png	Assets/BaseResource/InGameMainUI/ultimateicon_mafia.png
Assets/BaseResource/HostSelectPanel/ultimateicon_guru.png	Assets/BaseResource/InGameMainUI/ultimateicon_yogamaster.png
Assets/BaseResource/HostSelectPanel/ultimateicon_thug.png	Assets/BaseResource/InGameMainUI/ultimateicon_rambo.png
Assets/BaseResource/HostSelectPanel/ultimateicon_white_wizard.png	Assets/BaseResource/InGameMainUI/ultimateicon_wizard.png
Assets/BaseResource/InGameMainUI/expbarbg.png	Assets/BaseResource/InGameMainUI/hosthpbarbg.png	Assets/BaseResource/InGameMainUI/maintainbarbg.png
Assets/BaseResource/InGameMainUI/fx_crit_1.png	Assets/BaseResource/InGameMainUI/fx_weakhit_1.png
Assets/BaseResource/InGameMainUI/fx_crit_2.png	Assets/BaseResource/InGameMainUI/fx_weakhit_2.png
Assets/BaseResource/InGameMainUI/fx_crit_3.png	Assets/BaseResource/InGameMainUI/fx_weakhit_3.png
Assets/BaseResource/InGameMainUI/fx_crit_4.png	Assets/BaseResource/InGameMainUI/fx_crit_5.png	Assets/BaseResource/InGameMainUI/fx_weakhit_4.png
Assets/BaseResource/InGameMainUI/gemicon.png	Assets/BaseResource/LobbyMainUI/gemicon.png
Assets/BaseResource/InGameMainUI/goldicon.png	Assets/BaseResource/LobbyMainUI/goldicon.png
Assets/BaseResource/InGameMainUI/impact_flame_1.png	Assets/BaseResource/InGameMainUI/impact_grenade_2.png
Assets/BaseResource/InGameMainUI/obj_blade_1.new.png	Assets/BaseResource/InGameMainUI/obj_blade_1.png
Assets/BaseResource/InGameMainUI/obj_missile_channel_h.png	Assets/BaseResource/InGameMainUI/obj_missile_channel_h_1.png
Assets/BaseResource/InGameMainUI/obj_missile_channel_v.png	Assets/BaseResource/InGameMainUI/obj_missile_channel_v_1.png
Assets/BaseResource/InGameMainUI/shot.png	Assets/BaseResource/InGameMainUI/shot_1.png
Assets/BaseResource/Unit/commando_mg/unit_commando_mg_n.png	Assets/BaseResource/Unit/commando_mg/unit_commando_mg_ne.png
Assets/BaseResource/Unit/commando_mg/unit_commando_mg_ne_atk1.png	Assets/BaseResource/Unit/commando_mg/unit_commando_mg_n_atk1.png
Assets/BaseResource/Unit/commando_mg/unit_commando_mg_ne_atk2.png	Assets/BaseResource/Unit/commando_mg/unit_commando_mg_n_atk2.png
Assets/BaseResource/Unit/commando_mg/unit_commando_mg_ne_die1.png	Assets/BaseResource/Unit/commando_mg/unit_commando_mg_n_die1.png
Assets/BaseResource/Unit/commando_mg/unit_commando_mg_ne_die2.png	Assets/BaseResource/Unit/commando_mg/unit_commando_mg_n_die2.png
Assets/BaseResource/Unit/commando_mg/unit_commando_mg_ne_hit.png	Assets/BaseResource/Unit/commando_mg/unit_commando_mg_n_hit.png
Assets/BaseResource/Unit/commando_mg/unit_commando_mg_ne_walk1.png	Assets/BaseResource/Unit/commando_mg/unit_commando_mg_n_walk1.png
Assets/BaseResource/Unit/commando_mg/unit_commando_mg_ne_walk2.png	Assets/BaseResource/Unit/commando_mg/unit_commando_mg_n_walk2.png
