1	gangster	1;0,0,0;1,1,0	15	clear	153	862	52107	room1_Normal:2337@7.6;clear:5543@16.6;room2_Normal:5722@17.1;skill:6057@18.1;eject:6733@19.9;possess_adv:6916@20.5;clear:7723@22.7;levelup@2:8010@23.4;room3_Normal:9275@26.8;clear:12014@34.6;room4_Rest:12673@36.4;clear:12673@36.4;angel@4:13233@37.9;room5_Normal:14415@41.1;clear:16111@46.7;levelup@5:16350@47.4;room6_Normal:17376@50.6;clear:19983@58.4;room7_Normal:21177@61.7;clear:22702@66.2;levelup@7:22919@66.9;room8_Normal:24669@71.9;skill:24898@72.6;eject:26193@76.3;possess_adv:26387@76.8;clear:27942@81.3;devil@8:28384@82.5;room9_Normal:29437@85.3;clear:31899@93.1;room10_Normal:32984@96.1;skill:33647@98.0;eject:33998@98.9;possess_adv:34822@101.2;clear:35258@102.5;levelup@10:35496@103.3;room11_Normal:36401@106.1;eject:37281@108.9;possess_adv:37476@109.5;clear:38862@113.8;room12_Shop:39733@116.1;clear:39733@116.1;shop@12:40308@117.5;room13_Normal:41229@120.6;clear:44130@129.0;room14_Normal:44692@130.5;skill:45435@132.5;clear:46699@135.9;room15_Boss:47794@139.0;skill:51544@149.6;boss_down:53375@154.8;clear:53375@154.8;levelup@15:53697@155.6;
3	gangster	5;2,3,1;4,4,3	10	dead	573	846	211083	room1_Normal:3184@8.9;clear:9304@26.0;levelup@1:9580@26.8;room2_Normal:10858@30.1;skill:11589@32.1;clear:17152@47.5;room3_Normal:19535@54.2;eject:20516@57.0;possess_adv:20708@57.5;skill:22337@62.3;clear:23997@66.9;levelup@3:24279@67.7;room4_Rest:25453@70.8;clear:25453@70.8;angel@4:25990@72.1;room5_Normal:27211@75.2;eject:28161@78.0;possess_adv:30913@85.5;clear:35310@97.9;room6_Normal:35833@99.3;skill:36025@99.9;eject:36804@102.1;possess_adv:36995@102.7;clear:40825@113.8;levelup@6:40861@113.9;room7_Normal:42147@117.4;eject:43101@120.2;possess_adv:43483@121.3;skill:44829@125.2;clear:52819@148.6;room8_Normal:185454@510.3;skill:185663@510.9;clear:194743@533.7;levelup@8:195102@534.4;devil@8:196258@537.0;room9_Normal:197498@539.7;skill:198284@541.6;clear:210831@569.8;room10_Normal:213051@574.9;skill:213231@575.4;eject:213899@577.7;possess_adv:214079@578.8;
6	gangster	12;8,7,5;11,11,9	6	stuck	448	756	229595	room1_Normal:4700@9.1;possess_adv:15552@31.4;skill:15910@32.1;clear:31764@61.2;levelup@1:32160@61.9;room2_Normal:35185@67.4;skill:35618@68.3;eject:36589@70.2;possess_adv:36851@70.8;clear:53740@105.0;levelup@2:54151@105.8;room3_Normal:56595@110.5;skill:56786@110.9;eject:58994@115.7;possess_adv:59228@116.2;clear:64379@126.7;room4_Rest:64872@127.7;clear:64872@127.7;angel@4:65691@129.2;room5_Normal:67504@132.5;skill:68495@134.6;eject:68897@135.3;possess_adv:69153@135.9;skill:82096@162.2;skill:95176@186.8;clear:106235@208.3;levelup@5:106632@209.0;room6_Normal:109117@213.6;eject:110452@216.4;possess_adv:110721@217.0;skill:111651@218.9;skill:125752@247.4;eject:127443@250.9;possess_adv:127710@251.4;
10	gangster	24;15,15,13;25,24,22	3	dead	106	875	49275	room1_Normal:4732@9.1;skill:15431@32.0;clear:25060@51.9;levelup@1:25464@52.7;room2_Normal:28041@57.5;skill:28513@58.4;eject:29431@60.3;possess_adv:30241@61.9;clear:39369@81.6;levelup@2:39740@82.3;room3_Normal:41582@85.7;eject:42930@88.5;possess_adv:43741@90.1;skill:46385@95.9;
3	gangster	5;2,3,1;4,4,3	6	stuck	335	369	177739	room1_Normal:4943@9.0;clear:19417@36.6;levelup@1:19838@37.3;room2_Normal:21458@40.4;skill:21569@40.7;clear:26354@49.9;levelup@2:26742@50.7;room3_Normal:29052@54.9;eject:30477@57.7;possess_adv:31019@58.8;clear:33333@63.3;room4_Rest:34140@64.9;clear:34140@64.9;angel@4:35002@66.4;room5_Normal:36841@69.7;eject:38189@72.5;possess_adv:39728@75.4;skill:40301@76.6;clear:50847@96.2;levelup@5:51264@96.9;room6_Normal:53306@100.5;eject:54730@103.3;possess_adv:55009@103.9;skill:57564@109.2;
8	gangster	17;10,10,8;17,17,13	3	stuck	312	625	157163	room1_Normal:5077@9.1;eject:6435@11.9;possess_adv:6961@13.0;skill:10662@20.7;clear:16013@30.6;levelup@1:16448@31.3;room2_Normal:18925@35.8;clear:37851@72.2;levelup@2:38255@73.0;room3_Normal:40650@77.4;skill:40945@78.0;eject:42104@80.2;possess_adv:42801@81.6;
# --- 조종 수정 뒤 ---
3	gangster	5;2,3,1;4,4,3	10	dead	231	846	120571	room1_Normal:5134@9.0;clear:8800@16.0;levelup@1:9223@16.8;room2_Normal:11662@21.2;skill:12016@21.9;clear:30630@56.9;room3_Normal:31696@59.0;eject:33174@61.8;possess_adv:33459@62.3;clear:35964@67.0;levelup@3:36018@67.1;room4_Rest:38375@71.5;clear:38375@71.5;angel@4:39256@73.0;room5_Normal:41139@76.3;eject:42551@79.1;possess_adv:44197@82.3;skill:44811@83.4;clear:51210@95.4;levelup@5:51629@96.1;room6_Normal:53602@99.6;eject:55042@102.4;possess_adv:55233@102.9;skill:55812@104.1;clear:59097@110.4;room7_Normal:60434@113.0;eject:61851@115.8;possess_adv:62458@117.0;skill:65164@122.4;clear:66270@124.6;room8_Normal:68315@128.3;clear:106569@198.5;levelup@8:106977@199.2;devil@8:108311@201.6;room9_Normal:110532@205.8;skill:110757@206.3;eject:112010@208.6;possess_adv:112375@209.3;clear:122338@230.0;room10_Normal:123433@232.2;eject:124857@235.0;
6	gangster	12;8,7,5;11,11,9	7	dead	194	924	97531	room1_Normal:5243@9.1;skill:8227@15.1;clear:41696@77.5;levelup@1:41769@77.6;room2_Normal:44648@82.8;eject:46003@85.6;possess_adv:46274@86.2;skill:46644@86.9;skill:53942@101.5;clear:64571@122.6;levelup@2:64621@122.7;room3_Normal:66330@125.8;skill:66588@126.3;eject:68762@130.8;possess_adv:69012@131.4;clear:71374@136.4;room4_Rest:72255@138.1;clear:72255@138.1;angel@4:73032@139.7;room5_Normal:74835@143.0;eject:76183@145.8;possess_adv:76442@146.3;skill:78029@149.8;clear:83202@160.1;levelup@5:83609@160.9;room6_Normal:85357@164.0;eject:86668@166.8;possess_adv:86918@167.4;eject:95554@185.5;possess_adv:95834@186.0;clear:97195@188.7;levelup@6:97577@189.4;room7_Normal:99180@192.3;skill:100050@194.1;eject:101911@197.9;
8	gangster	17;10,10,8;17,17,13	5	stuck	580	875	310235	room1_Normal:5184@9.1;eject:6564@11.9;possess_adv:7568@13.9;skill:8359@15.4;clear:47731@87.3;levelup@1:47782@87.4;room2_Normal:49574@90.5;skill:50930@93.2;clear:64848@119.3;levelup@2:65263@120.0;room3_Normal:67677@124.5;skill:68090@125.3;eject:69070@127.3;possess_adv:70191@129.5;clear:179246@335.5;levelup@3:179295@335.6;room4_Rest:182353@341.2;clear:182353@341.2;angel@4:183134@342.8;room5_Normal:185020@346.1;skill:185269@346.6;eject:186434@348.9;possess_adv:186687@349.4;skill:195808@368.4;
10	gangster	24;15,15,13;25,24,22	7	dead	145	1925	71083	room1_Normal:5173@9.1;skill:7516@14.0;clear:16408@32.2;levelup@1:16457@32.3;room2_Normal:18844@36.6;skill:19152@37.3;eject:20222@39.4;possess_adv:20660@40.5;clear:24289@47.9;levelup@2:24720@48.7;room3_Normal:26559@52.1;eject:27917@54.9;possess_adv:29008@57.1;skill:32683@64.6;clear:38809@76.6;levelup@3:39186@77.4;room4_Rest:40978@80.6;clear:40978@80.6;angel@4:41839@82.1;room5_Normal:43703@85.4;skill:44926@88.0;eject:45042@88.2;eject:45043@88.2;eject:45044@88.2;eject:45045@88.3;eject:45046@88.3;eject:45047@88.3;eject:45048@88.3;eject:45049@88.3;eject:45050@88.3;eject:45051@88.3;eject:45052@88.3;eject:45053@88.3;eject:45054@88.3;eject:45055@88.3;eject:45056@88.3;eject:45057@88.3;eject:45058@88.3;eject:45059@88.3;eject:45060@88.3;eject:45061@88.3;eject:45062@88.3;eject:45063@88.3;eject:45064@88.3;eject:45065@88.3;eject:45066@88.3;eject:45067@88.3;eject:45068@88.3;eject:45069@88.3;eject:45070@88.3;eject:45071@88.3;eject:45072@88.3;eject:45073@88.3;eject:45074@88.3;eject:45075@88.3;eject:45076@88.3;eject:45077@88.3;eject:45078@88.3;eject:45079@88.3;eject:45080@88.3;eject:45081@88.3;eject:45082@88.3;eject:45083@88.3;eject:45084@88.3;eject:45085@88.3;eject:45086@88.3;eject:45087@88.3;eject:45088@88.3;eject:45089@88.3;eject:45090@88.3;eject:45091@88.3;eject:45092@88.3;eject:45093@88.3;eject:45094@88.3;eject:45095@88.3;eject:45096@88.4;eject:45097@88.4;eject:45098@88.4;eject:45099@88.4;eject:45100@88.4;eject:45101@88.4;eject:45102@88.4;eject:45103@88.4;eject:45104@88.4;eject:45105@88.4;eject:45106@88.4;eject:45107@88.4;eject:45108@88.4;eject:45109@88.4;eject:45110@88.4;eject:45111@88.4;eject:45112@88.4;eject:45113@88.4;eject:45114@88.4;eject:45115@88.4;eject:45116@88.4;eject:45117@88.4;eject:45118@88.4;eject:45119@88.4;eject:45120@88.4;eject:45121@88.4;eject:45122@88.4;eject:45123@88.4;eject:45124@88.4;eject:45125@88.4;eject:45126@88.4;eject:45127@88.4;eject:45128@88.4;eject:45129@88.4;eject:45130@88.4;eject:45131@88.4;eject:45132@88.4;eject:45133@88.4;eject:45134@88.4;eject:45135@88.4;eject:45136@88.4;eject:45137@88.4;eject:45138@88.4;eject:45139@88.4;eject:45140@88.4;eject:45141@88.4;eject:45142@88.4;eject:45143@88.4;eject:45144@88.4;eject:45145@88.4;eject:45146@88.4;eject:45147@88.4;eject:45148@88.4;eject:45149@88.4;eject:45150@88.5;eject:45151@88.5;eject:45152@88.5;eject:45153@88.5;eject:45154@88.5;eject:45155@88.5;eject:45156@88.5;eject:45157@88.5;eject:45158@88.5;eject:45159@88.5;eject:45160@88.5;eject:45161@88.5;eject:45162@88.5;eject:45163@88.5;eject:45164@88.5;eject:45165@88.5;eject:45166@88.5;eject:45167@88.5;eject:45168@88.5;eject:45169@88.5;eject:45170@88.5;eject:45171@88.5;eject:45172@88.5;eject:45173@88.5;eject:45174@88.5;eject:45175@88.5;eject:45176@88.5;eject:45177@88.5;eject:45178@88.5;eject:45179@88.5;eject:45180@88.5;eject:45181@88.5;eject:45182@88.5;eject:45183@88.5;eject:45184@88.5;eject:45185@88.5;eject:45186@88.5;eject:45187@88.5;eject:45188@88.5;eject:45189@88.5;eject:45190@88.5;eject:45191@88.5;eject:45192@88.5;eject:45193@88.5;eject:45194@88.5;eject:45195@88.5;eject:45196@88.5;eject:45197@88.5;eject:45198@88.5;eject:45199@88.5;eject:45200@88.5;eject:45201@88.5;eject:45202@88.5;eject:45203@88.5;eject:45204@88.5;eject:45205@88.6;eject:45206@88.6;eject:45207@88.6;eject:45208@88.6;eject:45209@88.6;eject:45210@88.6;eject:45211@88.6;eject:45212@88.6;eject:45213@88.6;eject:45214@88.6;eject:45215@88.6;eject:45216@88.6;eject:45217@88.6;eject:45218@88.6;eject:45219@88.6;eject:45220@88.6;eject:45221@88.6;eject:45222@88.6;eject:45223@88.6;eject:45224@88.6;eject:45225@88.6;eject:45226@88.6;eject:45227@88.6;eject:45228@88.6;eject:45229@88.6;eject:45230@88.6;eject:45231@88.6;eject:45232@88.6;eject:45233@88.6;eject:45234@88.6;eject:45235@88.6;eject:45236@88.6;eject:45237@88.6;eject:45238@88.6;eject:45239@88.6;eject:45240@88.6;eject:45241@88.6;eject:45242@88.6;eject:45243@88.6;eject:45244@88.6;eject:45245@88.6;eject:45246@88.6;eject:45247@88.6;eject:45248@88.6;eject:45249@88.6;eject:45250@88.6;eject:45251@88.6;eject:45252@88.6;eject:45253@88.6;possess_adv:46391@91.0;skill:53312@105.2;clear:59161@116.5;levelup@5:59555@117.3;room6_Normal:61545@121.0;possess_adv:64412@126.4;skill:66656@131.1;clear:71344@140.4;room7_Normal:72576@142.9;
# --- 적 공격 배율 재산정 뒤 ---
3	gangster	5;2,3,1;4,4,3	6	dead	313	369	170475	room1_Normal:4577@8.9;clear:47754@87.8;levelup@1:48152@88.5;room2_Normal:50028@92.0;skill:50269@92.4;clear:61511@113.0;room3_Normal:62323@114.5;eject:63761@117.3;possess_adv:64221@118.2;clear:66559@122.7;levelup@3:66974@123.5;room4_Rest:68994@127.1;clear:68994@127.1;angel@4:69871@128.6;room5_Normal:71738@131.9;skill:72016@132.4;eject:73159@134.7;possess_adv:75215@138.6;clear:86423@159.5;room6_Normal:87581@161.7;eject:88970@164.5;possess_adv:89313@165.2;skill:90414@167.5;
6	gangster	12;8,7,5;11,11,9	2	stuck	304	252	165579	room1_Normal:5142@9.0;skill:8726@16.1;skill:28816@52.2;clear:35097@63.8;levelup@1:35149@63.9;room2_Normal:38171@69.2;eject:39583@72.0;possess_adv:39896@72.6;skill:41323@75.6;
8	gangster	17;10,10,8;17,17,13	3	stuck	389	625	207867	room1_Normal:5213@9.1;eject:6566@11.9;possess_adv:7542@13.8;skill:8309@15.3;clear:17264@32.0;levelup@1:17694@32.7;room2_Normal:19627@36.1;skill:20845@38.6;possess_adv:80326@148.0;clear:81350@149.9;levelup@2:81734@150.7;room3_Normal:83759@154.3;eject:85129@157.1;possess_adv:86182@159.2;
10	gangster	24;15,15,13;25,24,22	3	dead	68	875	33019	room1_Normal:5204@9.1;skill:7616@14.0;clear:17297@32.7;levelup@1:17716@33.4;room2_Normal:20384@38.0;skill:20873@39.4;eject:21651@40.8;possess_adv:22774@43.1;skill:27800@53.6;clear:31473@60.7;levelup@2:34772@66.9;room3_Normal:35847@68.8;eject:37165@71.6;
# --- 갈아타기 끔 ---
# --- 사선 확인 추가 · 갈아타기 끔 ---
3	gangster	5;2,3,1;4,4,3	3	dead	81	205	42667	room1_Normal:5027@8.8;clear:10923@20.0;levelup@1:11350@20.7;room2_Normal:13882@25.3;skill:14391@26.3;clear:18936@34.7;levelup@2:19361@35.5;room3_Normal:21393@39.2;
6	gangster	12;8,7,5;11,11,9	13	dead	333	2009	173787	room1_Normal:5218@9.1;skill:7801@14.3;clear:47846@85.4;levelup@1:47897@85.5;room2_Normal:50536@90.0;skill:51537@92.0;skill:57728@104.8;clear:59930@109.1;levelup@2:60004@109.2;room3_Normal:61700@112.3;skill:67261@123.5;clear:69767@128.3;levelup@3:70157@129.1;room4_Rest:72503@133.2;clear:72503@133.2;angel@4:73318@134.7;room5_Normal:75275@138.0;skill:83487@154.3;clear:90383@168.3;room6_Normal:90881@169.4;skill:103253@194.3;clear:104502@196.7;levelup@6:104901@197.5;room7_Normal:106904@201.0;clear:112177@211.9;room8_Normal:113630@214.6;skill:119148@225.0;clear:141834@265.7;devil@8:142164@266.4;levelup@8:142938@268.0;room9_Normal:144889@271.5;skill:148474@278.8;clear:150466@282.7;levelup@9:150861@283.4;room10_Normal:153316@288.0;clear:158270@298.2;room11_Normal:159617@300.8;clear:166530@315.2;levelup@11:166917@316.0;room12_Shop:168896@319.7;clear:168896@319.7;shop@12:169743@321.2;room13_Normal:171510@324.4;skill:171751@325.0;clear:177995@337.4;
8	gangster	17;10,10,8;17,17,13	1	stuck	243	125	131499	room1_Normal:5263@9.1;skill:8045@14.7;
10	gangster	24;15,15,13;25,24,22	5	dead	246	1225	126731	room1_Normal:5053@9.0;skill:7495@13.9;clear:15174@28.9;levelup@1:15575@29.6;room2_Normal:18754@35.1;skill:21226@40.3;clear:56493@103.6;levelup@2:57187@104.9;room3_Normal:59363@108.9;skill:61050@112.2;skill:98211@185.7;clear:108621@206.4;levelup@3:108669@206.4;room4_Rest:111381@211.5;clear:111381@211.5;angel@4:112236@213.0;room5_Normal:114105@216.3;skill:118497@225.4;
