# 호스트 능력치 눈금 — 0~100. 10 으로 나눠 반올림한 것이 등급(1~10)이고, 등급 → 실제 수치는 GameConfig 의 등급 곡선이다.
#   hp    체력 등급          (등급당 +10, 7등급 165 · 9등급 185)
#   atk   초당 피해량 등급   (등급당 +2.2, 7등급 35.2 · 9등급 39.6)  ← 한 방 피해가 아니다
#   spd   이동속도 등급 · aspd 공격속도 등급(빠를수록 한 방이 가볍다 — 총량은 atk 가 정한다)
#
# 규칙(2026-10-02): **체력 등급 + 공격 등급**의 합이 성급을 따라야 한다.
#   B 14~15 · A 16~17 · S 18~19
# 예전 표는 A급 셋(호퍼 기관단총 13 · 닌자 13 · 영매 14)이 B급 평균(14.6)보다 낮았다 —
# 조각을 더 모아 얻은 몸이 더 약하면 등급이 거짓이 된다. 빠른 몸(spd · aspd 9~10)이라 눈금이 깎여 있었는데,
# 공격속도는 총량을 안 늘리므로(위 주석) 깎을 이유가 없다.
#
# `Tools/Game/호스트 능력치 임포트` 가 HostTable 에 굽는다. ⚠ 정본 임포터(CanonImporterV23)를 다시 돌리면
# 이 값이 덮인다 — 그 뒤에 이 임포트를 한 번 더 돌린다.
key	grade	hp	atk	spd	aspd	note
gangster	B	69	81	75	66
thug	B	73	71	71	94
amazon	B	81	73	73	72
amazon_elite	A	95	81	66	59	숨긴 몸
hopper	B	66	76	88	71
hopper_smg	A	72	88	92	99	63/68 → 72/88 (13 → 16)
commando_mg	B	73	69	72	99
commando_laser	A	78	84	72	56	68/84 → 78/84 (15 → 16)
commando_grenade	B	72	79	71	52
salamander	B	85	73	65	62
dragoon	A	89	83	63	53
dragon_blue	B	81	71	66	68
guru	B	81	63	78	59
white_wizard	B	71	75	73	63
medium	A	72	90	69	55	65/82 → 72/90 (14 → 16)
ninja	A	70	88	91	94	62/72 → 70/88 (13 → 16)
ninja_chain	A	80	82	84	71	72/78 → 80/82 (15 → 16)
robot	A	92	72	62	60
baseball	A	78	82	73	68
snowwoman	B	68	68	79	66
vampire	A	80	80	75	69	76/72 → 80/80 (15 → 16)
commando_missile	A	71	86	68	49
death	S	86	91	66	49
